Mouse_ID,Treatment_Group,Day,Tumor_Volume_mm3
101,CONTROL,0,41.8
101,CONTROL,3,85.0
101,CONTROL,4,114.0
101,CONTROL,5,162.3
101,CONTROL,6,178.3
101,CONTROL,7,325.0
101,CONTROL,10,623.7
101,CONTROL,11,648.4
101,CONTROL,12,835.9
101,CONTROL,13,1030.4
101,CONTROL,14,1141.8
101,CONTROL,17,1499.9
101,CONTROL,18,1429.3
101,CONTROL,19,1609.3
101,CONTROL,20,1678.3
101,CONTROL,21,1564.0
102,CONTROL,0,79.4
102,CONTROL,1,110.3
102,CONTROL,4,201.3
102,CONTROL,5,255.3
102,CONTROL,6,349.1
102,CONTROL,7,357.5
102,CONTROL,8,670.0
102,CONTROL,11,624.3
102,CONTROL,12,640.6
102,CONTROL,13,618.8
102,CONTROL,14,584.9
102,CONTROL,15,809.7
102,CONTROL,18,1249.7
102,CONTROL,19,1262.2
102,CONTROL,20,1336.8
102,CONTROL,21,1563.7
103,CONTROL,0,44.8
103,CONTROL,1,67.5
103,CONTROL,2,55.8
103,CONTROL,3,82.8
103,CONTROL,4,106.8
103,CONTROL,7,309.5
103,CONTROL,8,355.9
103,CONTROL,9,554.8
103,CONTROL,10,740.4
103,CONTROL,11,1012.1
103,CONTROL,14,1948.2
103,CONTROL,15,2405.7
104,CONTROL,0,67.7
104,CONTROL,1,92.4
104,CONTROL,2,77.7
104,CONTROL,3,107.4
104,CONTROL,4,147.1
104,CONTROL,7,226.1
104,CONTROL,8,285.3
104,CONTROL,9,541.5
104,CONTROL,10,551.9
104,CONTROL,11,609.8
104,CONTROL,14,1230.5
104,CONTROL,15,1839.6
104,CONTROL,16,1964.2
105,CONTROL,0,54.7
105,CONTROL,3,61.1
105,CONTROL,4,75.3
105,CONTROL,5,112.5
105,CONTROL,6,117.8
105,CONTROL,7,164.9
105,CONTROL,10,816.2
105,CONTROL,11,846.4
105,CONTROL,12,1403.6
105,CONTROL,13,1699.3
105,CONTROL,14,2162.8
106,CONTROL,0,60.0
106,CONTROL,1,74.2
106,CONTROL,2,98.9
106,CONTROL,3,103.3
106,CONTROL,4,106.4
106,CONTROL,7,166.3
106,CONTROL,8,269.2
106,CONTROL,9,478.4
106,CONTROL,10,356.4
106,CONTROL,11,498.8
106,CONTROL,14,915.8
106,CONTROL,15,1086.6
106,CONTROL,16,2125.1
107,CONTROL,0,46.8
107,CONTROL,4,162.6
107,CONTROL,5,264.5
107,CONTROL,6,253.1
107,CONTROL,7,419.3
107,CONTROL,11,1273.5
107,CONTROL,12,1712.0
107,CONTROL,13,2342.6
108,CONTROL,0,49.4
108,CONTROL,4,123.2
108,CONTROL,5,286.5
108,CONTROL,6,484.9
108,CONTROL,7,584.5
108,CONTROL,11,1581.9
108,CONTROL,12,1930.6
108,CONTROL,13,2295.9
201,DRUG,0,49.1
201,DRUG,3,65.6
201,DRUG,4,88.9
201,DRUG,5,135.4
201,DRUG,6,171.9
201,DRUG,7,177.3
201,DRUG,10,388.0
201,DRUG,11,466.7
201,DRUG,12,557.0
201,DRUG,13,455.5
201,DRUG,14,624.1
201,DRUG,18,995.2
201,DRUG,19,1157.6
201,DRUG,20,1069.7
201,DRUG,21,1194.4
201,DRUG,24,1725.8
201,DRUG,25,1524.9
201,DRUG,26,1737.7
201,DRUG,27,1998.3
202,DRUG,0,60.6
202,DRUG,1,75.7
202,DRUG,2,75.8
202,DRUG,3,623.7
202,DRUG,4,158.7
202,DRUG,7,306.2
202,DRUG,8,397.4
202,DRUG,9,398.2
202,DRUG,10,639.3
202,DRUG,11,556.4
202,DRUG,14,815.9
202,DRUG,15,907.9
202,DRUG,16,1104.2
202,DRUG,17,1275.0
202,DRUG,18,1290.9
202,DRUG,22,2046.7
203,DRUG,0,41.5
203,DRUG,1,41.8
203,DRUG,2,43.2
203,DRUG,3,46.0
203,DRUG,4,48.7
203,DRUG,7,66.5
203,DRUG,8,82.2
203,DRUG,9,94.1
203,DRUG,10,162.7
203,DRUG,11,169.9
203,DRUG,14,398.7
203,DRUG,15,416.0
203,DRUG,16,526.7
203,DRUG,17,716.3
203,DRUG,18,734.9
203,DRUG,22,1938.5
204,DRUG,0,46.8
204,DRUG,1,46.4
204,DRUG,2,48.8
204,DRUG,3,56.7
204,DRUG,4,113.9
204,DRUG,7,231.8
204,DRUG,8,318.3
204,DRUG,9,413.1
204,DRUG,10,747.4
204,DRUG,11,700.4
204,DRUG,14,1374.8
204,DRUG,15,1374.1
204,DRUG,16,1668.4
204,DRUG,17,1598.4
204,DRUG,18,1725.1
205,DRUG,0,39.5
205,DRUG,3,71.2
205,DRUG,4,62.4
205,DRUG,5,84.8
205,DRUG,6,88.6
205,DRUG,7,138.0
205,DRUG,10,270.3
205,DRUG,11,310.7
205,DRUG,12,385.5
205,DRUG,13,552.5
205,DRUG,14,468.9
205,DRUG,17,766.6
205,DRUG,18,896.0
205,DRUG,19,1279.0
205,DRUG,20,1582.3
205,DRUG,21,1701.4
206,DRUG,0,53.5
206,DRUG,1,41.2
206,DRUG,2,52.2
206,DRUG,3,61.6
206,DRUG,4,77.1
206,DRUG,7,102.8
206,DRUG,8,85.9
206,DRUG,9,70.3
206,DRUG,10,105.2
206,DRUG,11,129.9
206,DRUG,14,291.3
206,DRUG,15,315.4
206,DRUG,16,322.5
206,DRUG,18,768.1
206,DRUG,22,1108.6
206,DRUG,23,1321.0
206,DRUG,24,1624.3
206,DRUG,25,1853.5
207,DRUG,0,43.5
207,DRUG,1,50.2
207,DRUG,2,56.5
207,DRUG,5,87.0
207,DRUG,6,53.5
207,DRUG,7,38.5
207,DRUG,8,69.1
207,DRUG,9,46.3
207,DRUG,12,66.5
207,DRUG,13,62.4
207,DRUG,14,83.6
207,DRUG,15,102.6
207,DRUG,16,100.9
207,DRUG,19,163.0
207,DRUG,20,172.4
207,DRUG,21,162.5
207,DRUG,23,223.7
207,DRUG,27,416.0
207,DRUG,28,445.2
208,DRUG,0,64.4
208,DRUG,1,63.9
208,DRUG,2,76.3
208,DRUG,3,85.8
208,DRUG,4,186.3
208,DRUG,7,291.9
208,DRUG,8,381.9
208,DRUG,9,469.5
208,DRUG,10,590.2
208,DRUG,11,782.9
208,DRUG,14,1182.8
208,DRUG,15,1194.7
208,DRUG,16,1407.2
208,DRUG,17,1677.7
208,DRUG,18,1784.9
209,DRUG,0,47.5
209,DRUG,1,48.6
209,DRUG,2,75.1
209,DRUG,3,77.7
209,DRUG,4,128.0
209,DRUG,7,123.5
209,DRUG,8,167.1
209,DRUG,9,144.4
209,DRUG,10,294.6
209,DRUG,11,318.0
209,DRUG,14,580.5
209,DRUG,15,621.6
209,DRUG,16,601.6
209,DRUG,17,1066.5
209,DRUG,18,981.1
209,DRUG,21,1380.3
209,DRUG,22,1507.9
209,DRUG,23,1767.9
209,DRUG,25,2269.3
210,DRUG,0,71.7
210,DRUG,3,134.0
210,DRUG,4,172.2
210,DRUG,5,247.4
210,DRUG,6,239.4
210,DRUG,9,604.9
210,DRUG,10,538.2
210,DRUG,11,583.5
210,DRUG,12,664.8
210,DRUG,13,743.5
210,DRUG,16,1054.9
210,DRUG,17,998.4
210,DRUG,18,890.1
210,DRUG,19,1203.9
210,DRUG,20,1123.9
210,DRUG,23,1302.3
210,DRUG,24,1654.0
210,DRUG,25,1697.6
210,DRUG,27,2114.6
401,DRUG+RADIATION,0,41.3
401,DRUG+RADIATION,1,63.4
401,DRUG+RADIATION,2,102.6
401,DRUG+RADIATION,4,130.0
401,DRUG+RADIATION,7,286.2
401,DRUG+RADIATION,8,372.3
401,DRUG+RADIATION,9,440.0
401,DRUG+RADIATION,10,490.0
401,DRUG+RADIATION,11,511.4
401,DRUG+RADIATION,14,719.9
401,DRUG+RADIATION,15,832.3
401,DRUG+RADIATION,16,822.1
401,DRUG+RADIATION,17,899.5
401,DRUG+RADIATION,18,1096.0
401,DRUG+RADIATION,23,1577.1
401,DRUG+RADIATION,24,1904.1
402,DRUG+RADIATION,0,53.5
402,DRUG+RADIATION,1,60.9
402,DRUG+RADIATION,4,117.0
402,DRUG+RADIATION,5,122.7
402,DRUG+RADIATION,6,47.7
402,DRUG+RADIATION,7,114.1
403,DRUG+RADIATION,0,45.8
403,DRUG+RADIATION,1,57.4
403,DRUG+RADIATION,2,46.3
403,DRUG+RADIATION,5,118.3
403,DRUG+RADIATION,6,209.0
403,DRUG+RADIATION,7,245.5
403,DRUG+RADIATION,8,424.4
403,DRUG+RADIATION,9,389.4
403,DRUG+RADIATION,12,689.8
403,DRUG+RADIATION,13,624.1
403,DRUG+RADIATION,14,731.3
403,DRUG+RADIATION,15,811.3
403,DRUG+RADIATION,16,882.4
403,DRUG+RADIATION,20,898.8
403,DRUG+RADIATION,21,887.2
403,DRUG+RADIATION,22,814.5
403,DRUG+RADIATION,23,779.7
403,DRUG+RADIATION,26,828.9
403,DRUG+RADIATION,27,588.6
403,DRUG+RADIATION,28,543.3
404,DRUG+RADIATION,0,48.2
404,DRUG+RADIATION,1,60.3
404,DRUG+RADIATION,2,59.3
404,DRUG+RADIATION,3,90.6
404,DRUG+RADIATION,4,66.7
404,DRUG+RADIATION,7,149.6
404,DRUG+RADIATION,8,121.1
404,DRUG+RADIATION,9,186.0
404,DRUG+RADIATION,10,323.6
404,DRUG+RADIATION,11,332.2
404,DRUG+RADIATION,14,609.0
404,DRUG+RADIATION,15,467.4
404,DRUG+RADIATION,16,548.0
404,DRUG+RADIATION,18,768.8
404,DRUG+RADIATION,22,802.1
404,DRUG+RADIATION,23,766.2
404,DRUG+RADIATION,24,657.1
404,DRUG+RADIATION,25,619.2
404,DRUG+RADIATION,28,810.7
405,DRUG+RADIATION,0,47.7
405,DRUG+RADIATION,3,98.2
405,DRUG+RADIATION,4,92.8
405,DRUG+RADIATION,5,145.1
405,DRUG+RADIATION,6,167.0
405,DRUG+RADIATION,7,252.7
405,DRUG+RADIATION,10,479.4
405,DRUG+RADIATION,11,541.1
405,DRUG+RADIATION,12,681.2
405,DRUG+RADIATION,13,527.1
405,DRUG+RADIATION,14,685.7
405,DRUG+RADIATION,17,673.3
405,DRUG+RADIATION,18,833.1
405,DRUG+RADIATION,19,672.7
405,DRUG+RADIATION,20,651.5
405,DRUG+RADIATION,21,785.3
405,DRUG+RADIATION,24,972.4
405,DRUG+RADIATION,25,786.5
405,DRUG+RADIATION,26,976.6
405,DRUG+RADIATION,27,1070.9
405,DRUG+RADIATION,28,1109.9
406,DRUG+RADIATION,0,69.2
406,DRUG+RADIATION,1,69.5
406,DRUG+RADIATION,4,144.8
406,DRUG+RADIATION,5,224.4
406,DRUG+RADIATION,6,319.8
406,DRUG+RADIATION,7,296.1
406,DRUG+RADIATION,8,494.6
406,DRUG+RADIATION,13,1227.7
406,DRUG+RADIATION,14,1144.6
406,DRUG+RADIATION,15,1144.6
406,DRUG+RADIATION,19,1685.4
406,DRUG+RADIATION,20,1827.0
406,DRUG+RADIATION,22,2343.0
407,DRUG+RADIATION,0,43.9
407,DRUG+RADIATION,1,58.5
407,DRUG+RADIATION,2,45.6
407,DRUG+RADIATION,4,77.9
407,DRUG+RADIATION,7,224.7
407,DRUG+RADIATION,8,183.7
407,DRUG+RADIATION,9,233.7
407,DRUG+RADIATION,10,289.4
407,DRUG+RADIATION,11,287.9
407,DRUG+RADIATION,14,433.7
407,DRUG+RADIATION,15,402.6
407,DRUG+RADIATION,16,434.9
407,DRUG+RADIATION,17,364.1
407,DRUG+RADIATION,18,551.6
407,DRUG+RADIATION,23,769.1
407,DRUG+RADIATION,24,760.4
407,DRUG+RADIATION,25,760.4
408,DRUG+RADIATION,0,59.3
408,DRUG+RADIATION,1,92.6
408,DRUG+RADIATION,2,92.5
408,DRUG+RADIATION,4,169.3
408,DRUG+RADIATION,7,218.1
408,DRUG+RADIATION,8,257.2
408,DRUG+RADIATION,9,236.2
408,DRUG+RADIATION,10,243.7
408,DRUG+RADIATION,11,229.2
408,DRUG+RADIATION,14,250.1
408,DRUG+RADIATION,15,208.4
408,DRUG+RADIATION,16,222.8
408,DRUG+RADIATION,17,249.0
408,DRUG+RADIATION,18,338.9
408,DRUG+RADIATION,23,495.5
408,DRUG+RADIATION,24,523.3
408,DRUG+RADIATION,25,523.3
409,DRUG+RADIATION,0,51.1
409,DRUG+RADIATION,3,78.0
409,DRUG+RADIATION,4,107.4
409,DRUG+RADIATION,5,128.0
409,DRUG+RADIATION,6,167.3
409,DRUG+RADIATION,7,219.8
409,DRUG+RADIATION,10,375.6
409,DRUG+RADIATION,12,645.9
409,DRUG+RADIATION,13,691.4
409,DRUG+RADIATION,17,1114.2
409,DRUG+RADIATION,18,1050.4
409,DRUG+RADIATION,19,940.6
409,DRUG+RADIATION,20,1057.0
409,DRUG+RADIATION,21,1107.6
409,DRUG+RADIATION,24,1694.2
409,DRUG+RADIATION,25,1423.6
301,RADIATION,0,44.1
301,RADIATION,3,104.2
301,RADIATION,4,129.3
301,RADIATION,5,304.9
301,RADIATION,6,533.2
301,RADIATION,7,732.5
301,RADIATION,10,1083.6
301,RADIATION,11,1141.7
301,RADIATION,12,1751.9
301,RADIATION,13,2058.7
302,RADIATION,0,42.1
302,RADIATION,3,98.7
302,RADIATION,4,59.7
302,RADIATION,5,80.2
302,RADIATION,6,87.8
302,RADIATION,7,173.2
302,RADIATION,10,253.1
302,RADIATION,11,287.5
302,RADIATION,12,427.4
302,RADIATION,13,589.5
302,RADIATION,14,525.1
302,RADIATION,17,934.3
302,RADIATION,18,1041.9
302,RADIATION,19,920.7
302,RADIATION,20,1003.3
302,RADIATION,21,920.7
302,RADIATION,25,1584.5
302,RADIATION,26,734.4
302,RADIATION,27,1760.5
302,RADIATION,28,2362.4
303,RADIATION,0,42.5
303,RADIATION,3,49.8
303,RADIATION,4,58.5
303,RADIATION,5,69.3
303,RADIATION,6,97.4
303,RADIATION,7,133.8
303,RADIATION,10,294.6
303,RADIATION,11,322.7
303,RADIATION,12,324.8
303,RADIATION,13,442.4
303,RADIATION,14,505.0
303,RADIATION,17,632.7
303,RADIATION,18,594.8
303,RADIATION,19,603.7
303,RADIATION,20,646.5
303,RADIATION,21,649.3
303,RADIATION,25,1044.8
303,RADIATION,26,1219.9
303,RADIATION,27,1316.1
303,RADIATION,28,1714.0
304,RADIATION,0,56.9
304,RADIATION,3,129.6
304,RADIATION,4,106.2
304,RADIATION,5,120.6
304,RADIATION,6,170.3
304,RADIATION,7,239.0
304,RADIATION,10,743.9
304,RADIATION,11,697.5
304,RADIATION,12,990.8
304,RADIATION,13,1066.4
304,RADIATION,14,1167.2
304,RADIATION,18,1958.9
305,RADIATION,0,46.7
305,RADIATION,1,50.9
305,RADIATION,2,59.2
305,RADIATION,5,139.8
305,RADIATION,6,159.3
305,RADIATION,7,183.4
305,RADIATION,8,244.4
305,RADIATION,9,328.0
305,RADIATION,12,368.1
305,RADIATION,13,455.3
305,RADIATION,14,397.6
305,RADIATION,15,519.8
305,RADIATION,16,463.5
305,RADIATION,20,650.5
305,RADIATION,21,979.3
305,RADIATION,22,761.1
305,RADIATION,23,853.0
305,RADIATION,26,1518.8
305,RADIATION,27,2157.4
306,RADIATION,0,51.2
306,RADIATION,1,88.5
306,RADIATION,2,128.7
306,RADIATION,5,315.7
306,RADIATION,6,326.7
306,RADIATION,7,376.2
306,RADIATION,8,429.3
306,RADIATION,9,723.6
306,RADIATION,12,1051.3
306,RADIATION,13,1177.5
306,RADIATION,14,1297.6
306,RADIATION,15,1254.5
306,RADIATION,16,1426.6
306,RADIATION,20,2159.6
307,RADIATION,0,44.0
307,RADIATION,3,84.1
307,RADIATION,4,80.1
307,RADIATION,5,66.8
307,RADIATION,6,90.0
307,RADIATION,7,147.7
307,RADIATION,10,334.2
307,RADIATION,11,476.9
307,RADIATION,12,517.9
307,RADIATION,13,651.8
307,RADIATION,14,616.6
307,RADIATION,17,1108.4
307,RADIATION,18,955.3
307,RADIATION,19,909.4
307,RADIATION,20,1071.8
307,RADIATION,21,988.0
307,RADIATION,25,1970.2
308,RADIATION,0,59.8
308,RADIATION,4,84.0
308,RADIATION,5,277.2
308,RADIATION,6,612.4
308,RADIATION,7,712.3
308,RADIATION,11,1055.3
308,RADIATION,12,1268.3
308,RADIATION,13,956.9
308,RADIATION,14,929.9
309,RADIATION,0,40.7
309,RADIATION,3,63.5
309,RADIATION,4,55.9
309,RADIATION,5,89.1
309,RADIATION,6,98.7
309,RADIATION,7,137.7
309,RADIATION,10,303.3
309,RADIATION,11,410.4
309,RADIATION,12,514.4
309,RADIATION,13,565.4
309,RADIATION,14,611.3
309,RADIATION,17,677.0
309,RADIATION,18,778.9
309,RADIATION,19,656.5
309,RADIATION,20,737.5
309,RADIATION,21,721.4
309,RADIATION,24,902.4
309,RADIATION,25,776.4
309,RADIATION,26,882.6
309,RADIATION,27,865.8
309,RADIATION,28,1065.0
310,RADIATION,0,58.2
310,RADIATION,1,73.1
310,RADIATION,2,91.0
310,RADIATION,3,86.9
310,RADIATION,6,375.7
310,RADIATION,7,405.0
310,RADIATION,8,511.0
310,RADIATION,9,891.6
310,RADIATION,10,1022.3
310,RADIATION,13,1372.7
310,RADIATION,14,1535.9
310,RADIATION,15,1748.5
310,RADIATION,16,1538.9
310,RADIATION,17,1684.1
310,RADIATION,20,1690.8
310,RADIATION,21,1764.8
310,RADIATION,22,1754.0
310,RADIATION,23,1964.6
310,RADIATION,24,2188.7
